valid_slope_pixels,mean_slope_deg,median_slope_deg,safe_lt_5deg_pct,moderate_5_10deg_pct,unsafe_gt_10deg_pct,blocked_gt_15deg_pct
256181,9.301920890808105,8.23563289642334,37.9852526143625,16.36499193929292,45.64975544634458,28.700801386519686
