corridor_type,status,steps,length_m,length_km,cost,mean_slope_deg,max_slope_deg,mean_illumination,min_illumination,start_lat,start_lon,end_lat,end_lon,psr_entry_fraction
safest,ok,433,12477.564927611045,12.477564927611045,567.6721801757812,0.0,0.0,0.574999988079071,0.574999988079071,-87.05384306949665,79.45774491924692,-87.42631400246759,80.78576149945884,0.0
science_priority,ok,433,12436.143571373734,12.436143571373734,620.2837524414062,0.0,0.0,0.574999988079071,0.574999988079071,-87.05384306949665,79.45774491924692,-87.42631400246759,80.78576149945884,0.0
energy_efficient,ok,433,12456.85424949239,12.45685424949239,709.3277587890625,0.0,0.0,0.574999988079071,0.574999988079071,-87.05384306949665,79.45774491924692,-87.42631400246759,80.78576149945884,0.0
